id,name
2975,Laurence Fishburne
6384,Keanu Reeves
530,Carrie-Anne Moss
8349,Martin Sheen
8351,Frederic Forrest
8354,Albert Hall
1107983,Martin Luther King Jr.
52057,Obba Babatundé
110380,Colin Powell
18471,Anthony Anderson
74611,Tracee Ellis Ross
1407498,Marsai Martin
40644,Chad Stahelski
1779512,Jackson Spidell
1357063,Darrin Prescott
21127,Bobby Cannavale
1692944,Heidi Schreck
64,Gary Oldman
1776,Francis Ford Coppola
38803,Roman Coppola
529,Guy Pearce
532,Joe Pantoliano
23458,Charlie Cox
212154,Deborah Ann Woll
20220,Elden Henson
1278399,Joseph Steven
1659326,Teresa Modnick
26466,Caroline Kava
18269,Brendan Fraser
5606,Sissy Spacek
5632,Jack Fisk
11367,Bradley Whitford
31028,Richard Schiff
1397846,Craig Barron
2166741,Robert A. Baum Jr.
3266,Joe Mantegna
36059,Joanna Pacula
2639,Eva Marie Saint
21010,Alexandra Hay
101032,Rod McCary
103835,Jeff Monahan
6717,James Marshall
928944,Coleman Barks
2022250,Robert Bly
9979,Peter Coyote
380,Robert De Niro
1032,Martin Scorsese
138,Quentin Tarantino
514,Jack Nicholson
6193,Leonardo DiCaprio
1892,Matt Damon
2641,Martin Landau
92029,Gabriel Bologna
218506,Gretchen Becker
4001066,Richard Teideman
1197772,David Aaronovitch
3895,Michael Caine
2098136,Brian Becker
2098137,Richard Becker
2098138,Blase Bonpane
181934,Al Sharpton
496175,Carmelo Anthony
1280183,Coretta Scott King
1006651,John Lewis
2855535,Jack O'Dell
2939212,Clarence Jones
237876,Sarah-Jane Sauvegrain
180659,Rosa Parks
1165240,Jason Alan Carvell
2787630,Valentin Zorin
89289,Jesse Jackson
21111,John F. Kennedy
73988,Lyndon B. Johnson
1050881,Jacqueline Kennedy
2102583,Andrew Cohen
2803017,Arthur John Birch
2803001,Haroldson Lafayette Hunt
2954,Jeffrey Wright
33663,Donald Trump
2301996,Mike Pence
214317,Ben Bradlee
13716,Carl Bernstein
117180,Tom Brokaw
23626,Liev Schreiber
937663,Neil Amdur
1931175,Bob Beamon
12951,O.J. Simpson
2998183,Nicole Brown Simpson
1231277,Marcia Clark
2535,Vivica A. Fox
225620,Rudolph Moise
1683093,Terayle Hill
79538,Khalil Kain
1562353,Erica Mena
53572,Charles Malik Whitfield
21356,D.B. Woodside
168325,Terron Brooks
1038,Jodie Foster
4173,Anthony Hopkins
349,Scott Glenn
19011,George W. Bush
146687,Tony Blair
74266,Dick Cheney
1507609,Bob Coen
1507612,Francis E. Boyle
1507613,Jean Patterson
1122373,Marion Barry Jr.
1122374,Chuck Brown
1122375,Lewis Franklin
1897,Bernie Mac
77896,Bill Bellamy
2395,Whoopi Goldberg
1735828,Halle Bailey
53397,Christina Aguilera
1224841,Mo Willems
539,Thomas Lennon
111513,Yvette Nicole Brown
2682390,Gerd Ludwig
2227,Nicole Kidman
4430,Sharon Stone
14837,Carol Burnett
5823,Julie Andrews
3141,Marisa Tomei
14386,Beyoncé
84932,Jay-Z
1680929,Blue Ivy Carter
102786,Barack Obama
128550,Desmond Tutu
2320880,Sundar Pichai
2710,James Cameron
4587,Halle Berry
8691,Zoe Saldaña
72129,Jennifer Lawrence
189111,Suzanne Collins
23964,Gary Ross
16483,Sylvester Stallone
976,Jason Statham
1336,Jet Li
3894,Christian Bale
19498,Jon Bernthal
9827,Rose Byrne
143103,Krew Boylan
21708,Tomas Milian
72983,Manny Pérez
124909,Danny Hoch
4038,Susan Sarandon
18992,Aidan Quinn
2047,Danny Glover
4730,Emmy Rossum
9464,Harry Lennix
14409,David Schwimmer
1415341,Kazu Hiro
1267653,Chet Zar
1003,Jean Reno
524,Natalie Portman
1810,Heath Ledger
958722,Eiko Ishioka
41381,Sadie Frost
10980,Daniel Radcliffe
10989,Rupert Grint
10990,Emma Watson
219479,Criss Angel
1101349,Steve Aoki
1407495,Miles Brown
3361135,Peter Kent
1812,Michelle Williams
2037,Cillian Murphy
5081,Emily Blunt
2559324,Beth Lane
2559325,Lea Madda
27888,Raúl Juliá
2630,Nastassja Kinski
151007,Peter Ramsey
1769,Sofia Coppola
19772,Paul Rassam
1,George Lucas
7879,John Lasseter
1666,Julie Christie
2226,Sydney Pollack
16178,Rick Baker
11181,Kenneth Branagh
14639,Mel Brooks
1006721,Charles Scorsese
11483,Catherine Scorsese
5953,Spike Jonze
325,Eminem
3125,Madonna
3084,Marlon Brando
1158,Al Pacino
3085,James Caan
3087,Robert Duvall
3092,Diane Keaton
46300,Alex Etel
27889,Stephan Elliott
1331,Hugo Weaving
7187,Richard Donner
57371,Jeff Cohen
3034,Corey Feldman
3971,Sophia Myles
1262612,Neal Adams
934844,Rob Liefeld
2339151,Ty Templeton
41089,Martin Starr
105303,Fred Melamed
21200,Will Arnett
13611,Jack White
10750,Sheryl Crow
8261,Willie Nelson
54693,Emma Stone
19492,Viola Davis
6944,Octavia Spencer
192,Morgan Freeman
287,Brad Pitt
12052,Gwyneth Paltrow
26009,Gail O'Grady
1067583,Suzanne Happ
10427,Anne Archer
781,Paul Reiser
33,Gary Sinise
5149,Bonnie Hunt
42206,Matt McCoy
10167,George Lazenby
1226195,Rob Stewart
13637,Joan Collins
5320,Leslie Caron
1641,Katrin Cartlidge
10447,Mariel Hemingway
2496,Stanley Ridges
22091,Robert Sterling
76184,Bryan Marshall
75781,John Turner
83908,Daniel Massey
1748,William Shatner
8499,William Windom
16896,James Garner
8857,Debbie Reynolds
15395,Maurice Ronet
6474,James Le Gros
69122,Heather Graham
65344,Esai Morales
6677,Kyle MacLachlan
6678,Michael Ontkean
6714,Mädchen Amick
56890,Malcolm McDowell
46393,Roseanne Barr
9789,Robert Altman
6449,Warren Beatty
1353815,Dr. Diane Ravitch
1353816,Dr. Linda Darling-Hammond
20212,Dermot Mulroney
41249,Tess Harper
1841281,Joey Molland
1225302,Annie Nightingale
3546502,Jack Trout
118764,Paulo Pires
36281,Imanol Arias
3199207,Jerry Dealey
3199208,Barry Ernest
1800382,Stanley McChrystal
3474911,Kathleen Belew
82128,Wesley Clark
13567,Ann-Margret
25834,Leslie Hope
1204293,J. Allen Hynek
2027993,Philip J. Klass
20959,Louis Gossett Jr.
57829,Anthony LaPaglia
7447,Alec Baldwin
9560,Ellen Burstyn
1066777,Mumia Abu-Jamal
65013,Rubin 'Hurricane' Carter
4808,Giancarlo Esposito
2045089,Jeanmarie Simpson
4687,Patricia Arquette
2045090,Joyce Julianne Auer
60642,Tom Petty
22865,Little Richard
13301,Quincy Jones
1036,Cybill Shepherd
4512,James Woods
4513,Elizabeth McGovern
4517,Joe Pesci
4690,Christopher Walken
3096,John Cazale
11477,Ray Liotta
73421,Joaquin Phoenix
1545693,Zazie Beetz
11478,Lorraine Bracco
819,Edward Norton
63,Milla Jovovich
16514,Robert Chartoff
1044,Michael Chapman
3661,Thelma Schoonmaker
73641,Christiane Amanpour
1202593,Neil Barnard
33684,Bono
15189,Michelangelo Antonioni
18514,Asia Argento
4955,Dario Argento
138986,Tony Bennett
7904,Billy Crystal
85564,Andrea Bocelli
61110,Fred Armisen
707,Dan Aykroyd
1130439,Drew Casper
108650,Alain Silver
2585,Eric Clapton
100200,Dave Bronze
5026,Akira Kurosawa
132305,Nobuhiko Obayashi
18598,Ishirō Honda
3636,Paul Newman
109410,Joanne Woodward
4135,Robert Redford
1052109,Harry Styles
1146050,Zayn Malik
1052108,Liam Payne
83198,Allan Arkush
101377,Paul Bartel
141,David Carradine
155890,Julie Garfield
2210813,Ellen Adler
2879828,Joseph Bernard
190,Clint Eastwood
14701,Carroll Baker
3264451,Ann Adachi-Tasch
1034310,Margaret Bodde
126750,Serge Bromberg
21007,Jonah Hill
234352,Margot Robbie
2545,Lawrence Bender
8891,John Travolta
8892,Olivia Newton-John
2231,Samuel L. Jackson
2346444,Tâmara Lavigne
2346445,Jessica Riviery
2346446,Claudia Claz
1037,Harvey Keitel
3129,Tim Roth
147,Michael Madsen
139,Uma Thurman
2165,Rosanna Arquette
516,Annette Bening
134,Jamie Foxx
27319,Christoph Waltz
1259,Ennio Morricone
1002674,Silvano Agosti
30657,Alessandro Alessandroni
19119,Mélanie Laurent
1370,Brad Dourif
7071,Louise Fletcher
10409,Shelley Duvall
10410,Danny Lloyd
34947,Kevin Conroy
103,Mark Ruffalo
2282,Ben Kingsley
24045,Joseph Gordon-Levitt
3899,Ken Watanabe
16418,Casey Kasem
15831,Frank Welker
9261,Frank Abagnale Jr.
488,Steven Spielberg
2689,Jeff Nathanson
31,Tom Hanks
1206,Jason Alexander
70851,Jack Black
2157,Robin Williams
880,Ben Affleck
1231844,Manny Ramírez
1214256,Curt Schilling
578,Ridley Scott
1023139,Adam Driver
3197,Tom Sizemore
12833,Edward Burns
10297,Matthew McConaughey
1813,Anne Hathaway
83002,Jessica Chastain
21037,Prince
1800494,Cora Coleman-Dunham
1775343,Josh Dunham
1205143,John Gazarian
1205144,Darlene Landau
2222,Beau Bridges
18878,Rob Cohen
9111,Peter Graves
98234,Barbara Bain
24589,Paul Mercurio
24590,Dominique Sanda
11770,John Carpenter
515,Glenn Close
1291312,Jürgen Thormann
2983750,Peter Garloff
6968,Hugh Jackman
39998,Tim McIntire
7506,Irwin Allen
6969,Geoff Bell
568657,Sofia Boutella
290,Christopher Plummer
8606,Robert Shaw
1304968,June Tobin
6952,Charlie Sheen
114454,BJ Davis
10017,Charlton Heston
525,Christopher Nolan
15556,Rebecca Hall
229579,Bob Carruthers
220717,Uri Geller
1229925,La Toya Jackson
2391,Michael Dorn
1753,Nichelle Nichols
179512,Marv Albert
1865991,Jim Boeheim
59785,Fat Joe
16450,Sean Combs
210695,Jesse Williams
1258041,David Axelrod
1236577,Douglas Brinkley
1374664,Louis-Émile Galey
1010125,Claude Heymann
1385039,Bryan Stevenson
1641150,Patrisse Cullors
938972,Angela Davis
2149806,Gus Hall
1386798,Joseph McCarthy
100709,Junior Wells
13348,Howard Hughes
1247141,Harry S. Truman
2802990,Jean Paul Getty
117418,Mahalia Jackson
1188876,Horace Clarence Boyer
82702,Michael Jackson
54421,Janet Jackson
207070,Jermaine Jackson
61399,Mike Ditka
1232728,Jim McMahon
1723195,Mike Singletary
1219050,Hank Aaron
14414,Kareem Abdul-Jabbar
65605,Muhammad Ali
7571,Blair Brown
84378,Nick Fraser
1420,Robert Drew
2102600,Jill Drew
225009,Pablo Larraín
6431,Darren Aronofsky
8289,Billy Crudup
1461,George Clooney
95778,Dan Rather
1230060,Bob Schieffer
1152,Oliver Stone
3331792,Vasili Arkhipov
120578,Franklin D. Roosevelt
57738,Samuel Labarthe
1141815,Charles de Gaulle
1204877,André Malraux
1670479,Abbas Abdi
1625013,Mahmoud Ahmadinejad
84384,Osama Bin Laden
3032475,Carl Sferrazza Anthony
3032476,Christopher Andersen
3032477,James Hart
2214123,Véronique Préault
2412677,Xavier Pasco
2412679,John Logsdon
16811,Alexander Scheer
3910768,Jürgen Hambrecht
2823180,Wolfgang Ischinger
3794648,Michel Lerokourez
4347,Frank Sinatra
4299,Dean Martin
136403,Robert Dryden
1999091,Chris Schenkel
1257876,Margaret Whitmer
1051824,Tom Junod
1998031,Joanne Rogers
1116399,Winston Churchill
18802,Ronald Reagan
146964,Kenneth Anger
1171032,Adolfo Arrieta
1190206,Donatas Banionis
25072,Oscar Isaac
3910,Frances McDormand
1241,John Turturro
1145892,Ed Koch
1807640,Jane Jacobs
557911,Robert F. Kennedy Jr.
11161,Tom Savini
27765,Richard Nixon
1167702,Bruno Sammartino
1167703,Bob Backlund
2323039,Catherine Mercado-Muñiz
2339577,Carmen Yulín Cruz
10127,Jon Voight
1229169,Roger Ailes
3553309,John Shipton
150882,Julian Assange
16214,Mario Van Peebles
227811,Herschel Walker
1222706,Skip Bayless
1816204,Frederick Oberlander
1816207,Tevfik Arif
3342345,Tim Gielen
1954181,George Soros
240633,Bill Gates
80757,Mike Tyson
1003978,Larry Holmes
1562927,Ken Blackwell
2547400,Kellyanne Conway
1666438,Ted Cruz
2266228,Kim Dae-jung
2435679,Lee Geum-hee
2266230,Kim Young-sam
56446,John Cena
216075,Candice Michelle
568535,Matthew Kaye
1326321,Paige
57342,Vince McMahon
60342,Emily Maitlis
2041195,Prince Andrew Duke of York
2607708,Jeffrey Epstein
16620,Hulk Hogan
77120,Steve Austin
67273,Roger Waters
4381182,Peter Hart
1184450,Sut Jhally
28151,Benoît Allemane
2982422,Michael S. Cullen
3242458,Isabelle Rouge-Ducos
1965392,Jair Bolsonaro
7063,Nina Sosanya
1326448,Glenn Greenwald
21397,Dennis Rodman
3981237,Shirley Rodman
2521527,Wesley Lowery
1600254,Megyn Kelly
567335,Chris Benoit
115788,Paul Michael Lévesque
112219,Michael Hickenbottom
25504,André Roussimoff
160733,Nick Bockwinkel
2189100,Moon Jae-in
1671675,Yuna Kim
1644623,Ahn Jung-hwan
21278,Alan Alda
13724,Jane Alexander
1428889,Ivy Austin
3323316,Tricia Brooks
1416398,Joshua L. Pearson
46432,George H. W. Bush
116341,Bill Clinton
2130,Cary Elwes
16431,Sam Elliott
2203,Neal McDonough
2652100,Curt Flood
2652101,Judy Pace Flood
1589101,Matilda De Angelis
27972,Josh Hutcherson
219189,Jackie Robinson
214725,Duke Snider
3905,William H. Macy
18686,Holly Hunter
1329724,Chuck Wepner
74295,Jeff Feuerzeig
223120,Jack O'Callahan
223121,Herb Brooks
223122,Mike Eruzione
107375,Joe Frazier
1304153,Imelda Marcos
587506,Shameik Moore
543505,Jake Johnson
130640,Hailee Steinfeld
2415973,Daniel Petrocelli
2413592,Fred Goldman
562922,Christian Keyes
21215,Elise Neal
21563,Corin Nemec
2939038,Sydney Malakeh
8689,Barry Shabaka Henley
2297056,Darik Bernard
2295,Mickey Rourke
141823,Tisha Campbell
1841650,Crystal-Lee Naomi
1838518,Jermaine Rivers
2048582,SZA
58924,Clifton Powell
21355,DMX
60116,Allison McAtee
1780596,Morgan Bradley
1922617,Joy Rovaris
587035,Nadji Jeter
479206,Demetria McKinney
154382,Jazsmin Lewis
31134,Darrin Henson
74613,Terri J. Vaughn
2808544,Daran Acevedo
1297171,Julian Bane
108081,Malik Barnhardt
1220781,Shelly Altman
115002,John Aniston
1395884,Gessica Généus
105762,Jimmy Jean-Louis
1142232,Soledad Elizabeth Jean
7672,Reginald VelJohnson
1432244,Lyon Beckwith
127931,Dorien Wilson
77353,Jasmine Guy
233191,Terrence 'T.C.' Carson
1108907,Nick Robinson
9278,Jennifer Garner
19536,Josh Duhamel
3593345,Chara James
3593347,Zebulen M.N. Joyner-McCaster
1214197,Carl Anthony Payne II
16897,Sidney Poitier
20493,Sydney Tamiia Poitier
119598,Phylicia Rashād
109686,Flex Alexander
109687,Mike Batayeh
77072,Tyson Beckford
1232383,Parker McKenna Posey
1573627,Torrei Hart
1437841,AzMarie Livingston
55637,Brian Hooks
1100816,René Aranda
3581413,Dwight Boyce
60490,Paul Terrell Clayton
87363,Chrystee Pharris
43853,Irma P. Hall
87932,Renée Elise Goldsberry
32395,Debbie Allen
5049,John Hurt
10774,Anne Bancroft
39187,Olivia Colman
34546,Mark Gatiss
137108,Johnny Flynn
1283,Helena Bonham Carter
54448,Ismail Merchant
54441,James Ivory
54443,Ruth Prawer Jhabvala
4786,Richard Attenborough
326,Kim Basinger
137022,Michael Parkinson
4220075,Mike Parkinson
7318,Peter Kay
1137,Juliette Binoche
28974,Damon Lindelof
15851,Amy Brenneman
15009,Justin Theroux
1189929,Condoleezza Rice
533195,Henry Kissinger
143280,Norman Mailer
2801284,Anthony Amsterdam
1220601,John Chancellor
1066763,Darrell Royal
50707,Ed Marinaro
1322033,Bob Brenly
1322034,Scott Brosius
1233313,Joe Buck
3273875,Bob Taylor
3622690,Betty Ong
3622691,Nydia Gonzalez
3492377,Madeleine Albright
3492379,Ilie Alexandru
3492380,Ioan Amarie
1220273,David Cameron
2134341,Theresa May
1442410,Trevor Phillips
1442411,Nigel Farage
1225259,Kirsty Young
174981,King Charles III of the United Kingdom
1094687,Prince Edward Duke of Edinburgh
47,Björk
3219627,Lydia Korniordou
2921077,Jacques Rogge
37759,Kathy Burke
20056,Keith Allen
2330903,Amir Amor
3897137,Cool 'Disco' Dan
9290,Henry Rollins
15535,Robin Harris
5726,Cedric the Entertainer
68215,Reginald Hudlin
181975,Mark Curry
82587,Steve Harvey
78029,Martin Lawrence
9309,Richard Pryor
57551,Mario Cantone
18291,Larenz Tate
1633946,Chris Gattling
1568932,Bruce Bruce
2007484,Huggy Lowdown
44796,Franklyn Ajaye
9780,Angela Bassett
5916,Rosario Dawson
9206,Neve Campbell
36811,Nick Cannon
1870421,Collie Buddz
2412016,Lilly Bartlam
186529,Tony Daniels
88059,Tommy Davidson
15411,T.K. Carter
1428,Mick Jagger
1430,Keith Richards
1429,Charlie Watts
44557,Jonathan Firth
2220,Tony Curran
9013,Kevin McKidd
53396,Ron Wood
8534,Kathy Bates
1121,Benicio del Toro
3392,Michael Douglas
155488,Kelly Clarkson
292445,Blake Shelton
21986,Reba McEntire
2387,Patrick Stewart
2388,Jonathan Frakes
1213786,Brent Spiner
4756,Matthew Broderick
20005,Moira Kelly
78729,Nathan Lane
148120,Tiffany
83170,Valerie Harper
1650331,Jeremy O. Harris
350,Laura Linney
172069,Chadwick Boseman
1215522,Robin Roberts
1896,Don Cheadle
6240,Mariska Hargitay
21411,Ice-T
206637,Kelli Giddish
120608,Sonia Manzano
1596910,Nitya Vidyasagar
934281,Alex Wolff
1700685,Lewis Pullman
1241339,Bo Mitchell
1214573,Serena Williams
93527,Kelly Rowland
167662,Ryan Seacrest
2384929,Lindsay Arnold
37934,André 3000
15310,Anthony Kiedis
12207,Kylie Minogue
1564846,Auli'i Cravalho
1473281,James Monroe Iglehart
2522829,Vanessa Laine Bryant
23678,Michael Jordan
35806,Shaquille O'Neal
1212304,Jon Scieszka
1192274,Jordan Fisher
132354,Kate Micucci
133451,Aya Cash
111684,Lennon Parham
60227,Greg Cipes
1249820,Romi Dames
8536,Victor Garber
1178795,Ben Diskin
1842039,Joe Tessitore
71403,Rob Riggle
129193,Paula Abdul
3223,Robert Downey Jr.
16828,Chris Evans
75394,Terence Donovan
1083951,Veronica Lang
17289,Rodrigo Santoro
1900392,Stefan Ackermann
150536,Barry Otto
76182,Nicholas Eadie
6818,Werner Herzog
76788,Dev Patel
108916,Rooney Mara
1371,David Wenham
113552,Briony Behets
1242514,James Smillie
1246450,Bartholomew John
1747292,Robert Board
106179,Anthony Franciosa
82315,Jean Harlow
11492,Clark Gable
1916574,Caitlin Doughty
5168,Gabriel Byrne
71531,Deepak Chopra
1383964,Thích Nhất Hạnh
1867979,Sister Chân Không
5682,Anouk Aimée
44556,Richard Anconina
20234,Fanny Ardant
15762,Tara Strong
1160,Michelle Pfeiffer
40159,Keith Michell
58414,Dina Merrill
518,Danny DeVito
4,Carrie Fisher
6541,Philip Bosco
157359,Jane Connell
1729824,Randy Doney
1392152,Dan Levy
26510,Eugene Levy
11514,Catherine O'Hara
61303,Dick Van Dyke
65534,Andreas Deja
21104,Glenne Headly
80866,Nell Carter
40063,Lea DeLaria
537064,Perry Como
109887,Caroll Spinney
8515,Jane Darwell
5829,Karen Dotrice
1041410,Charmian Carr
22384,John Amos
105637,Morey Amsterdam
1201,Garry Marshall
6613,Minnie Driver
57133,Paulo Costanzo
18461,Nick Chinlund
1216139,Michael Raynor
57389,Justin Pierce
237405,Lady Gaga
66776,Liza Minnelli
1795453,Amanda Balen
4720,Kanye West
1610514,Tina Knowles
197315,Drake
15761,Grey DeLisle
200624,Michelle Williams
104779,Nas
81129,Chris Martin
9030,Thandiwe Newton
2178,Forest Whitaker
47775,Marc Anthony
1468396,Young Guru
1468397,Jay Electronica
1060565,Marina Abramović
41039,Judd Apatow
66586,Mariah Carey
105881,Da Brat
1776464,Stretch Armstrong
4244,Lauryn Hill
4238,Common
72208,Alicia Keys
95494,Q-Tip
94158,R. Kelly
31647,Garcelle Beauvais
16303,Céline Dion
85930,John Mayer
90388,Steve Jordan
90389,Pino Palladino
108661,Chester Bennington
214830,Mike Shinoda
1070445,Brad Delson
154782,Pat Benatar
154783,Neil Giraldo
174875,Carly Simon
2503684,Abdullah bin Abdulaziz Al Saud
107379,LeBron James
55638,Kevin Hart
66620,Angela Merkel
3089883,Gabby Giffords
1608713,Mark Kelly
13309,Oprah Winfrey
964843,Michelle Obama
4322819,Jackson Rowell
4322822,Davis McLaughlin
1068409,Frank Marshall Davis
1068410,Ann Dunham
1068411,Stanley Dunham
35705,Regina Hall
143242,Terrence Jenkins
149923,Lester Brown
1063969,Yvo de Boer
1063970,Paul R. Ehrlich
1101345,Avicii
89056,David Guetta
74090,Tiësto
3451053,Natalya Sindeeva
3527796,Aleksandr Vinokurov
1745467,Vera Krichevskaya
1173480,François Hollande
1348088,Laurent Delahousse
1977908,Claire Chazal
2169865,Birgitta Assheuer
2920376,Îlham Ahmed
2920377,Zaher al-Saket
